Device Line,Base Part,Orderable Part Number,Status,Material Type,Package | Pins,Package Qty | Carrier,RoHS,Lead Finish / Ball Material,MSL Rating / Peak Reflow,Op Temp (C),Part Marking
AM62x,AM6201,AM6201ASGFHIAMCRQ1,Active,Production,FCBGA (AMC) | 441,500 | LARGE T&R,Yes,Call TI,Level-3-250C-168 HR,-40 to 125,AM6201A SGFHIAMCQ1 131
AM62x,AM6201,AM6201ASGFHIAMCRQ1.B,Active,Production,FCBGA (AMC) | 441,500 | LARGE T&R,Yes,Call TI,Level-3-250C-168 HR,-40 to 125,AM6201A SGFHIAMCQ1 131
AM62x,AM6201,AM6201BSGFHIALWRQ1,Active,Production,FCCSP (ALW) | 425,1000 | LARGE T&R,Yes,Call TI,Level-3-260C-168 HR,-40 to 125,01BSGFHI
AM62x,AM6201,AM6201BSGFHIAMCRQ1,Active,Production,FCBGA (AMC) | 441,500 | LARGE T&R,-,Call TI,Level-3-250C-168 HR,-40 to 125,01BSGFHI Q1
AM62x,AM6201,AM6201BTGFHIALWRQ1,Active,Production,FCCSP (ALW) | 425,1000 | LARGE T&R,Yes,Call TI,Level-3-260C-168 HR,-40 to 125,01BTGFHI
AM62x,AM6201,AM6201BTGFHIAMCRQ1,Active,Production,FCBGA (AMC) | 441,500 | LARGE T&R,-,Call TI,Level-3-250C-168 HR,-40 to 125,01BTGFHI Q1
AM62x,AM6202,AM6202ATGFHIAMCRQ1,Active,Production,FCBGA (AMC) | 441,500 | LARGE T&R,Yes,Call TI,Level-3-250C-168 HR,-40 to 125,AM6202A TGFHIAMCQ1 131
AM62x,AM6202,AM6202ATGFHIAMCRQ1.B,Active,Production,FCBGA (AMC) | 441,500 | LARGE T&R,Yes,Call TI,Level-3-250C-168 HR,-40 to 125,AM6202A TGFHIAMCQ1 131
AM62x,AM6202,AM6202BSGFHIALWRQ1,Active,Production,FCCSP (ALW) | 425,1000 | LARGE T&R,Yes,Call TI,Level-3-260C-168 HR,-40 to 125,02BSGFHI
AM62x,AM6202,AM6202BSGFHIAMCRQ1,Active,Production,FCBGA (AMC) | 441,500 | LARGE T&R,-,Call TI,Level-3-250C-168 HR,-40 to 125,02BSGFHI Q1
AM62x,AM6202,AM6202BTGFHIALWRQ1,Active,Production,FCCSP (ALW) | 425,1000 | LARGE T&R,Yes,Call TI,Level-3-260C-168 HR,-40 to 125,02BTGFHI
AM62x,AM6202,AM6202BTGFHIAMCRQ1,Active,Production,FCBGA (AMC) | 441,500 | LARGE T&R,-,Call TI,Level-3-250C-168 HR,-40 to 125,02BTGFHI Q1
AM62x,AM6204,AM6204ASGFHIAMCRQ1,Active,Production,FCBGA (AMC) | 441,500 | LARGE T&R,Yes,Call TI,Level-3-250C-168 HR,-40 to 125,AM6204A SGFHIAMCQ1 131
AM62x,AM6204,AM6204ASGFHIAMCRQ1.B,Active,Production,FCBGA (AMC) | 441,500 | LARGE T&R,Yes,Call TI,Level-3-250C-168 HR,-40 to 125,AM6204A SGFHIAMCQ1 131
AM62x,AM6204,AM6204BSGFHIALWRQ1,Active,Production,FCCSP (ALW) | 425,1000 | LARGE T&R,Yes,Call TI,Level-3-260C-168 HR,-40 to 125,04BSGFHI
AM62x,AM6204,AM6204BSGFHIAMCRQ1,Active,Production,FCBGA (AMC) | 441,500 | LARGE T&R,-,Call TI,Level-3-250C-168 HR,-40 to 125,04BSGFHI Q1
AM62x,AM6204,AM6204BTGFHIALWRQ1,Active,Production,FCCSP (ALW) | 425,1000 | LARGE T&R,Yes,Call TI,Level-3-260C-168 HR,-40 to 125,04BTGFHI
AM62x,AM6204,AM6204BTGFHIAMCRQ1,Active,Production,FCBGA (AMC) | 441,500 | LARGE T&R,-,Call TI,Level-3-250C-168 HR,-40 to 125,04BTGFHI Q1
AM62x,AM6231,AM6231AKGGHHALW.B,Active,Production,FCCSP (ALW) | 425,119 | JEDEC TRAY (10+1),Yes,Call TI,Level-3-260C-168 HR,0 to 95,AM6231A KGGHHALW 131
AM62x,AM6231,AM6231ASGGGAALW,Active,Production,FCCSP (ALW) | 425,119 | JEDEC TRAY (10+1),Yes,Call TI,Level-3-260C-168 HR,-40 to 105,AM6231A SGGGAALW 131
AM62x,AM6231,AM6231ASGGGAALW.B,Active,Production,FCCSP (ALW) | 425,119 | JEDEC TRAY (10+1),Yes,Call TI,Level-3-260C-168 HR,-40 to 105,AM6231A SGGGAALW 131
AM62x,AM6231,AM6231ASGGHAALW,Active,Production,FCCSP (ALW) | 425,119 | JEDEC TRAY (10+1),Yes,Call TI,Level-3-260C-168 HR,-40 to 105,AM6231A SGGHAALW 131
AM62x,AM6231,AM6231ASGGHAALW.B,Active,Production,FCCSP (ALW) | 425,119 | JEDEC TRAY (10+1),Yes,Call TI,Level-3-260C-168 HR,-40 to 105,AM6231A SGGHAALW 131
AM62x,AM6231,AM6231ASGGHIALWR,Active,Production,FCCSP (ALW) | 425,1000 | LARGE T&R,Yes,Call TI,Level-3-260C-168 HR,-40 to 125,AM6231A SGGHIALW 131
AM62x,AM6231,AM6231ASGGHIALWR.B,Active,Production,FCCSP (ALW) | 425,1000 | LARGE T&R,Yes,Call TI,Level-3-260C-168 HR,-40 to 125,AM6231A SGGHIALW 131
AM62x,AM6231,AM6231ATCGHAALW,Active,Production,FCCSP (ALW) | 425,119 | JEDEC TRAY (10+1),Yes,Call TI,Level-3-260C-168 HR,-40 to 105,AM6231A TCGHAALW 131
AM62x,AM6231,AM6231ATCGHAALW.B,Active,Production,FCCSP (ALW) | 425,119 | JEDEC TRAY (10+1),Yes,Call TI,Level-3-260C-168 HR,-40 to 105,AM6231A TCGHAALW 131
AM62x,AM6231,AM6231ATGGHAALWR,Active,Production,FCCSP (ALW) | 425,1000 | LARGE T&R,Yes,Call TI,Level-3-260C-168 HR,-40 to 105,AM6231A TGGHAALW 131
AM62x,AM6231,AM6231ATGGHAALWR.B,Active,Production,FCCSP (ALW) | 425,1000 | LARGE T&R,Yes,Call TI,Level-3-260C-168 HR,-40 to 105,AM6231A TGGHAALW 131
AM62x,AM6231,AM6231ATGGHIALWR.B,Active,Production,FCCSP (ALW) | 425,1000 | LARGE T&R,Yes,Call TI,Level-3-260C-168 HR,-40 to 125,AM6231A TGGHIALW 131
AM62x,AM6232,AM6232ASCGHAALWR,Active,Production,FCCSP (ALW) | 425,1000 | LARGE T&R,Yes,Call TI,Level-3-260C-168 HR,-40 to 105,AM6232A SCGHAALW 131
AM62x,AM6232,AM6232ASCGHAALWR.B,Active,Production,FCCSP (ALW) | 425,1000 | LARGE T&R,Yes,Call TI,Level-3-260C-168 HR,-40 to 105,AM6232A SCGHAALW 131
AM62x,AM6232,AM6232ASGGHAALW,Active,Production,FCCSP (ALW) | 425,119 | JEDEC TRAY (10+1),Yes,Call TI,Level-3-260C-168 HR,-40 to 105,AM6232A SGGHAALW 131
AM62x,AM6232,AM6232ASGGHAALW.B,Active,Production,FCCSP (ALW) | 425,119 | JEDEC TRAY (10+1),Yes,Call TI,Level-3-260C-168 HR,-40 to 105,AM6232A SGGHAALW 131
AM62x,AM6232,AM6232ATCGGAALW,Active,Production,FCCSP (ALW) | 425,119 | JEDEC TRAY (10+1),Yes,Call TI,Level-3-260C-168 HR,-40 to 105,AM6232A TCGGAALW 131
AM62x,AM6232,AM6232ATCGGAALW.B,Active,Production,FCCSP (ALW) | 425,119 | JEDEC TRAY (10+1),Yes,Call TI,Level-3-260C-168 HR,-40 to 105,AM6232A TCGGAALW 131
AM62x,AM6232,AM6232ATCGHAALW,Active,Production,FCCSP (ALW) | 425,119 | JEDEC TRAY (10+1),Yes,Call TI,Level-3-260C-168 HR,-40 to 105,AM6232A TCGHAALW 131
AM62x,AM6232,AM6232ATCGHAALW.B,Active,Production,FCCSP (ALW) | 425,119 | JEDEC TRAY (10+1),Yes,Call TI,Level-3-260C-168 HR,-40 to 105,AM6232A TCGHAALW 131
AM62x,AM6232,AM6232ATGGHAALWR,Active,Production,FCCSP (ALW) | 425,1000 | LARGE T&R,Yes,Call TI,Level-3-260C-168 HR,-40 to 105,AM6232A TGGHAALW 131
AM62x,AM6232,AM6232ATGGHAALWR.B,Active,Production,FCCSP (ALW) | 425,1000 | LARGE T&R,Yes,Call TI,Level-3-260C-168 HR,-40 to 105,AM6232A TGGHAALW 131
AM62x,AM6232,AM6232ATGGHIALWR.B,Active,Production,FCCSP (ALW) | 425,1000 | LARGE T&R,Yes,Call TI,Level-3-260C-168 HR,-40 to 125,AM6232A TGGHIALW 131
AM62x,AM6234,AM6234ASCGHAALWR,Active,Production,FCCSP (ALW) | 425,1000 | LARGE T&R,Yes,Call TI,Level-3-260C-168 HR,-40 to 105,AM6234A SCGHAALW 131
AM62x,AM6234,AM6234ASCGHAALWR.B,Active,Production,FCCSP (ALW) | 425,1000 | LARGE T&R,Yes,Call TI,Level-3-260C-168 HR,-40 to 105,AM6234A SCGHAALW 131
AM62x,AM6234,AM6234ASGGHAALWR,Active,Production,FCCSP (ALW) | 425,1000 | LARGE T&R,Yes,Call TI,Level-3-260C-168 HR,-40 to 105,AM6234A SGGHAALW 131
AM62x,AM6234,AM6234ASGGHAALWR.B,Active,Production,FCCSP (ALW) | 425,1000 | LARGE T&R,Yes,Call TI,Level-3-260C-168 HR,-40 to 105,AM6234A SGGHAALW 131
AM62x,AM6234,AM6234ATCGGAALW,Active,Production,FCCSP (ALW) | 425,119 | JEDEC TRAY (10+1),Yes,Call TI,Level-3-260C-168 HR,-40 to 105,AM6234A TCGGAALW 131
AM62x,AM6234,AM6234ATCGGAALW.B,Active,Production,FCCSP (ALW) | 425,119 | JEDEC TRAY (10+1),Yes,Call TI,Level-3-260C-168 HR,-40 to 105,AM6234A TCGGAALW 131
AM62x,AM6234,AM6234ATCGHAALW,Active,Production,FCCSP (ALW) | 425,119 | JEDEC TRAY (10+1),Yes,Call TI,Level-3-260C-168 HR,-40 to 105,AM6234A TCGHAALW 131
AM62x,AM6234,AM6234ATCGHAALW.B,Active,Production,FCCSP (ALW) | 425,119 | JEDEC TRAY (10+1),Yes,Call TI,Level-3-260C-168 HR,-40 to 105,AM6234A TCGHAALW 131
AM62x,AM6234,AM6234ATGGHAALW,Active,Production,FCCSP (ALW) | 425,119 | JEDEC TRAY (10+1),Yes,Call TI,Level-3-260C-168 HR,-40 to 105,AM6234A TGGHAALW 131
AM62x,AM6234,AM6234ATGGHAALW.B,Active,Production,FCCSP (ALW) | 425,119 | JEDEC TRAY (10+1),Yes,Call TI,Level-3-260C-168 HR,-40 to 105,AM6234A TGGHAALW 131
AM62x,AM6234,AM6234ATGGHIALWR.B,Active,Production,FCCSP (ALW) | 425,1000 | LARGE T&R,Yes,Call TI,Level-3-260C-168 HR,-40 to 125,AM6234A TGGHIALW 131
AM62x,AM6251,AM6251ASGGHAALWR,Active,Production,FCCSP (ALW) | 425,1000 | LARGE T&R,Yes,Call TI,Level-3-260C-168 HR,-40 to 105,AM6251A SGGHAALW 131
AM62x,AM6251,AM6251ASGGHAALWR.B,Active,Production,FCCSP (ALW) | 425,1000 | LARGE T&R,Yes,Call TI,Level-3-260C-168 HR,-40 to 105,AM6251A SGGHAALW 131
AM62x,AM6251,AM6251ATCGHAALW,Active,Production,FCCSP (ALW) | 425,119 | JEDEC TRAY (10+1),Yes,Call TI,Level-3-260C-168 HR,-40 to 105,AM6251A TCGHAALW 131
AM62x,AM6251,AM6251ATCGHAALW.B,Active,Production,FCCSP (ALW) | 425,119 | JEDEC TRAY (10+1),Yes,Call TI,Level-3-260C-168 HR,-40 to 105,AM6251A TCGHAALW 131
AM62x,AM6251,AM6251ATGGHAALWR,Active,Production,FCCSP (ALW) | 425,1000 | LARGE T&R,Yes,Call TI,Level-3-260C-168 HR,-40 to 105,AM6251A TGGHAALW 131
AM62x,AM6251,AM6251ATGGHAALWR.B,Active,Production,FCCSP (ALW) | 425,1000 | LARGE T&R,Yes,Call TI,Level-3-260C-168 HR,-40 to 105,AM6251A TGGHAALW 131
AM62x,AM6251,AM6251BSGFHIALWRQ1,Active,Production,FCCSP (ALW) | 425,1000 | LARGE T&R,Yes,Call TI,Level-3-260C-168 HR,-40 to 125,51BSGFHI
AM62x,AM6251,AM6251BSGFHIAMCRQ1,Active,Production,FCBGA (AMC) | 441,500 | LARGE T&R,-,Call TI,Level-3-250C-168 HR,-40 to 125,51BSGFHI Q1
AM62x,AM6252,AM6252ASGFHIAMCRQ1,Active,Production,FCBGA (AMC) | 441,500 | LARGE T&R,Yes,Call TI,Level-3-250C-168 HR,-40 to 125,AM6252A SGFHIAMCQ1 131
AM62x,AM6252,AM6252ASGFHIAMCRQ1.B,Active,Production,FCBGA (AMC) | 441,500 | LARGE T&R,Yes,Call TI,Level-3-250C-168 HR,-40 to 125,AM6252A SGFHIAMCQ1 131
AM62x,AM6252,AM6252ASGGHAALWR,Active,Production,FCCSP (ALW) | 425,1000 | LARGE T&R,Yes,Call TI,Level-3-260C-168 HR,-40 to 105,AM6252A SGGHAALW 131
AM62x,AM6252,AM6252ATCGGAALW,Active,Production,FCCSP (ALW) | 425,119 | JEDEC TRAY (10+1),Yes,Call TI,Level-3-260C-168 HR,-40 to 105,AM6252A TCGGAALW 131
AM62x,AM6252,AM6252ATCGGAALW.B,Active,Production,FCCSP (ALW) | 425,119 | JEDEC TRAY (10+1),Yes,Call TI,Level-3-260C-168 HR,-40 to 105,AM6252A TCGGAALW 131
AM62x,AM6252,AM6252ATCGHAALW,Active,Production,FCCSP (ALW) | 425,119 | JEDEC TRAY (10+1),Yes,Call TI,Level-3-260C-168 HR,-40 to 105,AM6252A TCGHAALW 131
AM62x,AM6252,AM6252ATCGHAALW.B,Active,Production,FCCSP (ALW) | 425,119 | JEDEC TRAY (10+1),Yes,Call TI,Level-3-260C-168 HR,-40 to 105,AM6252A TCGHAALW 131
AM62x,AM6252,AM6252ATGGHAALWR,Active,Production,FCCSP (ALW) | 425,1000 | LARGE T&R,Yes,Call TI,Level-3-260C-168 HR,-40 to 105,AM6252A TGGHAALW 131
AM62x,AM6252,AM6252ATGGHAALWR.B,Active,Production,FCCSP (ALW) | 425,1000 | LARGE T&R,Yes,Call TI,Level-3-260C-168 HR,-40 to 105,AM6252A TGGHAALW 131
AM62x,AM6252,AM6252BSGFHIAMCRQ1,Active,Production,FCBGA (AMC) | 441,500 | LARGE T&R,-,Call TI,Level-3-250C-168 HR,-40 to 125,52BSGFHI Q1
AM62x,AM6252,AM6252BTCFHIALWRQ1,Active,Production,FCCSP (ALW) | 425,1000 | LARGE T&R,Yes,Call TI,Level-3-260C-168 HR,-40 to 125,52BTCFHI
AM62x,AM6252,AM6252BTGFHIALWRQ1,Active,Production,FCCSP (ALW) | 425,1000 | LARGE T&R,Yes,Call TI,Level-3-260C-168 HR,-40 to 125,52BTGFHI
AM62x,AM6252,AM6252BTGFHIAMCRQ1,Active,Production,FCBGA (AMC) | 441,500 | LARGE T&R,-,Call TI,Level-3-250C-168 HR,-40 to 125,52BTGFHI Q1
AM62x,AM6254,AM6254ASGGHAALW,Active,Production,FCCSP (ALW) | 425,119 | JEDEC TRAY (10+1),Yes,Call TI,Level-3-260C-168 HR,-40 to 105,AM6254A SGGHAALW 131
AM62x,AM6254,AM6254ASGGHAALW.B,Active,Production,FCCSP (ALW) | 425,119 | JEDEC TRAY (10+1),Yes,Call TI,Level-3-260C-168 HR,-40 to 105,AM6254A SGGHAALW 131
AM62x,AM6254,AM6254ATCGGAALW,Active,Production,FCCSP (ALW) | 425,119 | JEDEC TRAY (10+1),Yes,Call TI,Level-3-260C-168 HR,-40 to 105,AM6254A TCGGAALW 131
AM62x,AM6254,AM6254ATCGHAALW,Active,Production,FCCSP (ALW) | 425,119 | JEDEC TRAY (10+1),Yes,Call TI,Level-3-260C-168 HR,-40 to 105,AM6254A TCGHAALW 131
AM62x,AM6254,AM6254ATCGHAALW.B,Active,Production,FCCSP (ALW) | 425,119 | JEDEC TRAY (10+1),Yes,Call TI,Level-3-260C-168 HR,-40 to 105,AM6254A TCGHAALW 131
AM62x,AM6254,AM6254ATCGHIALWR,Active,Production,FCCSP (ALW) | 425,1000 | LARGE T&R,Yes,Call TI,Level-3-260C-168 HR,-40 to 125,AM6254A TCGHIALW 131
AM62x,AM6254,AM6254ATCGHIALWR.B,Active,Production,FCCSP (ALW) | 425,1000 | LARGE T&R,Yes,Call TI,Level-3-260C-168 HR,-40 to 125,AM6254A TCGHIALW 131
AM62x,AM6254,AM6254ATGFHIAMCRQ1,Active,Production,FCBGA (AMC) | 441,500 | LARGE T&R,Yes,Call TI,Level-3-250C-168 HR,-40 to 125,AM6254A TGFHIAMCQ1 131
AM62x,AM6254,AM6254ATGFHIAMCRQ1.B,Active,Production,FCBGA (AMC) | 441,500 | LARGE T&R,Yes,Call TI,Level-3-250C-168 HR,-40 to 125,AM6254A TGFHIAMCQ1 131
AM62x,AM6254,AM6254ATGGHAALW,Active,Production,FCCSP (ALW) | 425,119 | JEDEC TRAY (10+1),Yes,Call TI,Level-3-260C-168 HR,-40 to 105,AM6254A TGGHAALW 131
AM62x,AM6254,AM6254ATGGHAALW.B,Active,Production,FCCSP (ALW) | 425,119 | JEDEC TRAY (10+1),Yes,Call TI,Level-3-260C-168 HR,-40 to 105,AM6254A TGGHAALW 131
AM62x,AM6254,AM6254BSGFHIAMCRQ1,Active,Production,FCBGA (AMC) | 441,500 | LARGE T&R,-,Call TI,Level-3-250C-168 HR,-40 to 125,54BSGFHI Q1
AM62x,AM6254,AM6254BTCFHIALWRQ1,Active,Production,FCCSP (ALW) | 425,1000 | LARGE T&R,Yes,Call TI,Level-3-260C-168 HR,-40 to 125,54BTCFHI
AM62x,AM6254,AM6254BTGFHIALWRQ1,Active,Production,FCCSP (ALW) | 425,1000 | LARGE T&R,Yes,Call TI,Level-3-260C-168 HR,-40 to 125,54BTGFHI
AM62x,AM6254,AM6254BTGFHIAMCRQ1,Active,Production,FCBGA (AMC) | 441,500 | LARGE T&R,-,Call TI,Level-3-250C-168 HR,-40 to 125,54BTGFHI Q1
AM62L,AM62L31,AM62L31BEGHAANBR,Active,Production,FCCSP (ANB) | 373,1000 | LARGE T&R,Yes,Call TI,Level-3-260C-168 HR,-40 to 125,31BEGHA 412
AM62L,AM62L31,AM62L31BOGHAANBR,Active,Production,FCCSP (ANB) | 373,1000 | LARGE T&R,Yes,Call TI,Level-3-260C-168 HR,-40 to 125,31BOGHA 412
AM62L,AM62L32,AM62L32BEGHAANBR,Active,Production,FCCSP (ANB) | 373,1000 | LARGE T&R,Yes,Call TI,Level-3-260C-168 HR,-40 to 125,32BEGHA 412
AM62L,AM62L32,AM62L32BOGHAANBR,Active,Production,FCCSP (ANB) | 373,1000 | LARGE T&R,Yes,Call TI,Level-3-260C-168 HR,-40 to 125,32BOGHA 412
AM62L,AM62L32,AM62L32BOGHIANBR,Active,Production,FCCSP (ANB) | 373,1000 | LARGE T&R,Yes,Call TI,Level-3-260C-168 HR,-40 to 125,32BOGHI 412
AM62A,AM62A12,AM62A12AQMSIANFRQ1,Active,Production,FCCSP (ANF) | 484,500 | LARGE T&R,Yes,Call TI,Level-3-250C-168 HR,-40 to 125,TI AM62A 12AQMSI Q1
AM62A,AM62A12,AM62A12AQMSIANFRQ1.B,Active,Production,FCCSP (ANF) | 484,500 | LARGE T&R,Yes,Call TI,Level-3-250C-168 HR,-40 to 125,TI AM62A 12AQMSI Q1
AM62A,AM62A31,AM62A31AMLHAAMB,Preview,Production,FCBGA (AMB) | 484,84 | JEDEC TRAY (5+1),-,Call TI,Call TI,-40 to 105,
AM62A,AM62A32,AM62A32AMLHAAMB,Preview,Production,FCBGA (AMB) | 484,84 | JEDEC TRAY (5+1),-,Call TI,Call TI,-40 to 105,
AM62A,AM62A32,AM62A32AMLSIAMBQ1,Preview,Production,FCBGA (AMB) | 484,84 | JEDEC TRAY (5+1),-,Call TI,Call TI,-40 to 125,
AM62A,AM62A32,AM62A32AOMHIAMBR,Active,Production,FCBGA (AMB) | 484,500 | LARGE T&R,Yes,Call TI,Level-3-250C-168 HR,-40 to 125,AM62A32A OMHIAMB 498
AM62A,AM62A32,AM62A32AOMHIAMBR.B,Active,Production,FCBGA (AMB) | 484,500 | LARGE T&R,Yes,Call TI,Level-3-250C-168 HR,-40 to 125,AM62A32A OMHIAMB 498
AM62A,AM62A32,AM62A32AOMHIANFR,Active,Production,FCCSP (ANF) | 484,500 | LARGE T&R,Yes,Call TI,Level-3-250C-168 HR,-40 to 125,TI AM62A 32AOMHI
AM62A,AM62A32,AM62A32ASMSIAMBRQ1,Active,Production,FCBGA (AMB) | 484,500 | LARGE T&R,Yes,Call TI,Level-3-250C-168 HR,-40 to 125,AM62A32A SMSIAMBQ1 498
AM62A,AM62A32,AM62A32ASMSIAMBRQ1.B,Active,Production,FCBGA (AMB) | 484,500 | LARGE T&R,Yes,Call TI,Level-3-250C-168 HR,-40 to 125,AM62A32A SMSIAMBQ1 498
AM62A,AM62A32,AM62A32ASMSIANFRQ1,Active,Production,FCCSP (ANF) | 484,500 | LARGE T&R,Yes,Call TI,Level-3-250C-168 HR,-40 to 125,TI AM62A 32ASMSI Q1
AM62A,AM62A34,AM62A34ASMHAAMB,Preview,Production,FCBGA (AMB) | 484,84 | JEDEC TRAY (5+1),Yes,Call TI,Level-3-250C-168 HR,-40 to 105,AM62A34A SMHAAMB 498
AM62A,AM62A34,AM62A34ASMHIANFR,Active,Production,FCCSP (ANF) | 484,500 | LARGE T&R,Yes,Call TI,Level-3-250C-168 HR,-40 to 125,TI AM62A 34ASMHI
AM62A,AM62A34,AM62A34ASMSIAMBRQ1,Active,Production,FCBGA (AMB) | 484,500 | LARGE T&R,Yes,Call TI,Level-3-250C-168 HR,-40 to 125,AM62A34A SMSIAMBQ1 498
AM62A,AM62A34,AM62A34ASMSIAMBRQ1.B,Active,Production,FCBGA (AMB) | 484,500 | LARGE T&R,Yes,Call TI,Level-3-250C-168 HR,-40 to 125,AM62A34A SMSIAMBQ1 498
AM62A,AM62A34,AM62A34ASMSIANFRQ1,Active,Production,FCCSP (ANF) | 484,500 | LARGE T&R,Yes,Call TI,Level-3-250C-168 HR,-40 to 125,TI AM62A 34ASMSI Q1
AM62A,AM62A34,AM62A34ASMSIANFRQ1.B,Active,Production,FCCSP (ANF) | 484,500 | LARGE T&R,Yes,Call TI,Level-3-250C-168 HR,-40 to 125,TI AM62A 34ASMSI Q1
AM62A,AM62A74,AM62A74AUMHAAMB,Preview,Production,FCBGA (AMB) | 484,84 | JEDEC TRAY (5+1),Yes,Call TI,Level-3-250C-168 HR,-40 to 105,AM62A74A UMHAAMB 498
AM62A,AM62A74,AM62A74AUMHAAMBR,Active,Production,FCBGA (AMB) | 484,500 | LARGE T&R,Yes,Call TI,Level-3-250C-168 HR,-40 to 105,AM62A74A UMHAAMB 498
AM62A,AM62A74,AM62A74AUMHAAMBR.B,Active,Production,FCBGA (AMB) | 484,500 | LARGE T&R,Yes,Call TI,Level-3-250C-168 HR,-40 to 105,AM62A74A UMHAAMB 498
AM62A,AM62A74,AM62A74AUMHIAMBR,Active,Production,FCBGA (AMB) | 484,500 | LARGE T&R,Yes,Call TI,Level-3-250C-168 HR,-40 to 125,AM62A74A UMHIAMB 498
AM62A,AM62A74,AM62A74AUMHIAMBR.B,Active,Production,FCBGA (AMB) | 484,500 | LARGE T&R,Yes,Call TI,Level-3-250C-168 HR,-40 to 125,AM62A74A UMHIAMB 498
AM62A,AM62A74,AM62A74AUMHIANFR,Active,Production,FCCSP (ANF) | 484,500 | LARGE T&R,Yes,Call TI,Level-3-250C-168 HR,-40 to 125,TI AM62A 74AUMHI
AM62A,AM62A74,AM62A74AUMSIAMBRQ1,Active,Production,FCBGA (AMB) | 484,500 | LARGE T&R,Yes,Call TI,Level-3-250C-168 HR,-40 to 125,AM62A74A UMSIAMBQ1 498
AM62A,AM62A74,AM62A74AUMSIAMBRQ1.B,Active,Production,FCBGA (AMB) | 484,500 | LARGE T&R,Yes,Call TI,Level-3-250C-168 HR,-40 to 125,AM62A74A UMSIAMBQ1 498
AM62A,AM62A74,AM62A74AUMSIANFRQ1,Active,Production,FCCSP (ANF) | 484,500 | LARGE T&R,Yes,Call TI,Level-3-250C-168 HR,-40 to 125,TI AM62A 74AUMSI Q1
AM62A,AM62A74,AM62A74AVMHIANFR,Active,Production,FCCSP (ANF) | 484,500 | LARGE T&R,Yes,Call TI,Level-3-250C-168 HR,-40 to 125,TI AM62A 74AVMHI
AM62A,AM62A74,AM62A74AVMSIANFRQ1,Active,Production,FCCSP (ANF) | 484,500 | LARGE T&R,Yes,Call TI,Level-3-250C-168 HR,-40 to 125,TI AM62A 74AVMSI Q1
AM62P,AM62P34,AM62P34CSMHIAMHR,Active,Production,FCBGA (AMH) | 466,250 | LARGE T&R,Yes,Call TI,Level-3-250C-168 HR,-40 to 125,34CSMHI
AM62P,AM62P34,AM62P34CSMSIAMHRQ1,Active,Production,FCBGA (AMH) | 466,250 | LARGE T&R,Yes,Call TI,Level-3-250C-168 HR,-40 to 125,34CSMSI Q1
AM62P,AM62P52,AM62P52CSMSIAMHRQ1,Active,Production,FCBGA (AMH) | 466,250 | LARGE T&R,Yes,Call TI,Level-3-250C-168 HR,-40 to 125,52CSMSI Q1
AM62P,AM62P52,AM62P52CVMHIAMHR,Active,Production,FCBGA (AMH) | 466,250 | LARGE T&R,Yes,Call TI,Level-3-250C-168 HR,-40 to 125,52CVMHI
AM62P,AM62P54,AM62P54CVMHIAMHR,Active,Production,FCBGA (AMH) | 466,250 | LARGE T&R,Yes,Call TI,Level-3-250C-168 HR,-40 to 125,54CVMHI
AM62P,AM62P54,AM62P54CVMSIAMHRQ1,Active,Production,FCBGA (AMH) | 466,250 | LARGE T&R,Yes,Call TI,Level-3-250C-168 HR,-40 to 125,54CVMSI Q1
